[
  {
    "id": 1,
    "firstName": "Ahmed",
    "lastName": "Ali",
    "poste": "Manager",
    "departement": "Administration",
    "service": "Human Resources",
    "dateDem": "2021-01-01",
    "societe": "ABC Inc.",
    "manager": "John Doe",
    "statutCeremony": true,
    "statutInteg": true,
    "docs": true,
    "Formation": true,
    "Evaluation": true,
    "integStaut": "done",
    "ceremonyStatut": "no",
    "integRange": "2023-03-01 à 2023-03-08",
    "ceremony": ""
  },
  {
    "id": 2,
    "firstName": "Fatima",
    "lastName": "Khan",
    "poste": "Developer",
    "departement": "IT",
    "service": "Web Development",
    "dateDem": "2021-02-15",
    "societe": "XYZ Corp.",
    "manager": "Sarah Smith",
    "statutCeremony": true,
    "statutInteg": true,
    "docs": true,
    "Formation": false,
    "Evaluation": false,
    "integStaut": "absent",
    "ceremonyStatut": "no",
    "integRange": "2023-03-01 à 2023-03-08",
    "ceremony": " "
  },
  {
    "id": 3,
    "firstName": "Mohammed",
    "lastName": "Ahmed",
    "poste": "Sales Representative",
    "departement": "Sales",
    "service": "North Region",
    "dateDem": "2021-03-23",
    "societe": "123 LLC",
    "manager": "David Brown",
    "statutCeremony": false,
    "docs": false,
    "Formation": true,
    "Evaluation": true,
    "integStaut": "done",
    "ceremonyStatut": "done",
    "integRange": "2023-03-01 à 2023-03-08",
    "ceremony": "2023-04-01"
  },
  {
    "id": 4,
    "firstName": "Sara",
    "lastName": "Abdullah",
    "poste": "Marketing Manager",
    "departement": "Marketing",
    "service": "Brand Management",
    "dateDem": "2021-04-10",
    "societe": "Acme Inc.",
    "manager": "Mary Johnson",
    "statutCeremony": true,
    "docs": true,
    "Formation": true,
    "Evaluation": true,
    "integStaut": "done",
    "ceremonyStatut": "done",
    "integRange": "2023-03-01 à 2023-03-08",
    "ceremony": "2023-05-01"
  },
  {
    "id": 5,
    "firstName": "Ali",
    "lastName": "Hassan",
    "poste": "Financial Analyst",
    "departement": "Finance",
    "service": "Budget Planning",
    "dateDem": "2021-05-05",
    "societe": "Beta Corp.",
    "manager": "Tom Wilson",
    "statutCeremony": true,
    "docs": false,
    "Formation": false,
    "Evaluation": false,
    "integStaut": "done",
    "ceremonyStatut": "done",
    "integRange": "2023-03-01 à 2023-03-08",
    "ceremony": "2023-09-08"
  },
  {
    "id": 6,
    "firstName": "Nour",
    "lastName": "Saleh",
    "poste": "Customer Service Representative",
    "departement": "Customer Service",
    "service": "Call Center",
    "dateDem": "2021-06-20",
    "societe": "Gamma LLC",
    "manager": "Karen Lee",
    "statutCeremony": false,
    "docs": true,
    "Formation": false,
    "Evaluation": true,
    "integStaut": "done",
    "ceremonyStatut": "done",
    "integRange": "2023-03-01 à 2023-03-08",
    "ceremony": "2023-09-08"
  },
  {
    "id": 7,
    "firstName": "Karim",
    "lastName": "Ali",
    "poste": "Manager",
    "departement": "Administration",
    "service": "Human Resources",
    "dateDem": "2021-01-01",
    "societe": "ABC Inc.",
    "manager": "John Doe",
    "statutCeremony": true,
    "docs": true,
    "Formation": true,
    "Evaluation": true,
    "integStaut": "reported",
    "ceremonyStatut": "no",
    "integRange": " ",
    "ceremony": ""
  },
  {
    "id": 8,
    "firstName": "Fatima",
    "lastName": "Khan",
    "poste": "Developer",
    "departement": "IT",
    "service": "Web Development",
    "dateDem": "2021-02-15",
    "societe": "XYZ Corp.",
    "manager": "Sarah Smith",
    "statutCeremony": false,
    "docs": true,
    "Formation": false,
    "Evaluation": true,
    "integStaut": "no",
    "ceremonyStatut": "no",
    "integRange": "",
    "ceremony": ""
  },
  {
    "id": 9,
    "firstName": "Mohammed",
    "lastName": "Ahmed",
    "poste": "Sales Representative",
    "departement": "Sales",
    "service": "North Region",
    "dateDem": "2021-03-23",
    "societe": "123 LLC",
    "manager": "David Brown",
    "statutCeremony": true,
    "docs": false,
    "Formation": true,
    "Evaluation": true,
    "integStaut": "done",
    "ceremonyStatut": "absent",
    "integRange": "2023-03-01 à 2023-03-08",
    "ceremony": "2023-09-08"
  },
  {
    "id": 10,
    "firstName": "Sara",
    "lastName": "Abdullah",
    "poste": "Marketing Manager",
    "departement": "Marketing",
    "service": "Brand Management",
    "dateDem": "2021-04-10",
    "societe": "Acme Inc.",
    "manager": "Mary Johnson",
    "statutCeremony": false,
    "docs": true,
    "Formation": false,
    "Evaluation": false,
    "integStaut": "absent",
    "ceremonyStatut": "done",
    "integRange": "2023-03-01 à 2023-03-08",
    "ceremony": "2023-09-08"
  },
  {
    "id": 11,
    "firstName": "Ali",
    "lastName": "Hassan",
    "poste": "Financial Analyst",
    "departement": "Finance",
    "service": "Budget Planning",
    "dateDem": "2021-05-05",
    "societe": "Beta Corp.",
    "manager": "Tom Wilson",
    "statutCeremony": true,
    "docs": false,
    "Formation": true,
    "Evaluation": true,
    "integStaut": "absent",
    "ceremonyStatut": "done",
    "integRange": "2023-03-01 à 2023-03-08",
    "ceremony": "2023-09-08"
  },
  {
    "id": 12,
    "firstName": "Nour",
    "lastName": "Saleh",
    "poste": "Customer Service Representative",
    "departement": "Customer Service",
    "service": "Call Center",
    "dateDem": "2021-06-20",
    "societe": "Gamma LLC",
    "manager": "Karen Lee",
    "statutCeremony": true,
    "docs": true,
    "Formation": true,
    "Evaluation": true,
    "integStaut": "done",
    "ceremonyStatut": "done",
    "integRange": "2023-03-01 à 2023-03-08",
    "ceremony": "2023-09-08"
  }
]