{
    "selectedSalle": "salle3",
    "selectedRange": {},
    "sessionDays": [
       {
          "pauses": [
             {
                "pause1From": "01:35",
                "pause1To": "02:35",
                "pause2From": "10:39",
                "pause2To": "03:35",
                "pauseDejFrom": "10:39",
                "pauseDejTo": "10:39"
             }
          ],
          "fields": [
             {
                "from": "10:38",
                "to": "02:35",
                "presentation": "aa",
                "interlocuteur": [
                    {
                        "id":2,
                        "name":"Fatima Khan"
                    }
                ]

             }
          ]
       }
    ]
 }
 